name,recording_id,wearer
2025-04-07_G001-view_1,75628abf-e24a-4c66-a8b7-72b986bed632,G001
2025-04-07_G001-view_2,c72918b2-d44b-49a7-8fec-497a537031a9,G001
2025-04-12_G002-view_1,595d3820-9d36-4254-9889-fb4aa7b03ca8,G002
2025-04-12_G002-view_2,5ac97dae-915d-4ebe-bf09-6dd8a6e1237e,G002
2025-04-14_G003-view_1,2f0303ee-c900-494b-b4e9-29fd3dacbbbd,G003
2025-04-14_G003-view_2,fc54a15e-da2d-4b02-97e4-7e2d945a18f9,G003
2025-04-15_G004-view_1,eb81676a-2955-455d-8436-8d83246dd543,G004
2025-04-15_G004-view_2,badefb46-f4fc-44df-bfa7-2e1fc7e4ae3d,G004
2025-04-15_G005-view_1,d34232d4-8572-40a7-a844-601d735c40ce,G005
2025-04-15_G005-view_2,b6047184-9e37-49bf-bb76-ce99f6eb1ec7,G005
2025-04-18_G006-view_1,e9ced595-7be7-4605-85f7-ba04518e0f0b,G006
2025-04-18_G006-view_2,00598c81-108a-4a39-9256-7e431145ca7b,G006
2025-04-19_G007-view_2,a0a49152-c90b-4e5d-bb89-a29782681145,G007
2025-04-19_G007-view-1,7fe66918-fc48-4435-9aa2-fbdd31ecc621,G007
2025-04-19_G008-view_1,a92229a7-2f88-4b32-ba22-2ef9c7466682,G008
2025-04-19_G008-view_2,cb62fc54-6be6-4658-817a-9f0491b6e1bd,G008
2025-04-22_G009-view_2,8fecd5d3-09af-4f40-95bc-1c76b4adf438,G009
2025-04-22_G010-view_1,34b59526-a8ca-4be9-a6a8-b46490bf9c98,G010
2025-04-22_G010-view_2,8dbbf9fe-30c5-49ca-918d-902bec90f8ed,G010
2025-04-23_G011-view_1,b6ca3931-cd61-4af4-9eee-e9ee21c69215,G011
2025-04-23_G011-view_2,e4319678-12fa-4106-b1ef-19fb72a96880,G011
2025-04-24_G013-view_1,ac37ef44-bbd6-408d-88f6-70d72dba0f61,G013
2025-04-24_G013-view_2,9f24e973-c285-426a-bb25-b3fa4b54fe87,G013
2025-04-12_G014-view_1,bda32afb-bb0e-47d2-9a00-580011782b8f,G014
2025-05-15_G015-view_1,edfd72ca-9589-4a04-9486-9a2fcfa47ffe,G015
2025-05-15_G015-view_2,f9aa1034-d3ff-4dba-843c-a258af650bac,G015